{"cameraMode":{"drawMode":0,"name":"Shaded","section":"Shading Mode"},"sceneLighting":false,"audioPlay":false,"sceneViewState":{"showFog":true,"showMaterialUpdate":true,"showSkybox":false,"showFlares":true,"showImageEffects":true,"showParticleSystems":true},"in2DMode":false,"pivot":{"x":-0.9557315111160278,"y":-0.9406627416610718,"z":-0.05900228023529053},"rotation":{"x":-0.8879128098487854,"y":0.05111408978700638,"z":-0.10163824260234833,"w":-0.4457665681838989},"size":0.9630816578865051,"orthographic":false}