{"cameraMode":{"drawMode":0,"name":"Shaded","section":"Shading Mode"},"sceneLighting":false,"audioPlay":false,"sceneViewState":{"showFog":true,"showMaterialUpdate":true,"showSkybox":false,"showFlares":true,"showImageEffects":true,"showParticleSystems":true},"in2DMode":false,"pivot":{"x":-7.450580596923828e-8,"y":0.4119911789894104,"z":0.10908927023410797},"rotation":{"x":0.07487021386623383,"y":0.03977511078119278,"z":-0.0029888059943914415,"w":0.9963961839675903},"size":0.6734358668327332,"orthographic":true}