{"cameraMode":{"drawMode":0,"name":"Shaded","section":"Shading Mode"},"sceneLighting":false,"audioPlay":false,"sceneViewState":{"showFog":true,"showMaterialUpdate":true,"showSkybox":false,"showFlares":true,"showImageEffects":true,"showParticleSystems":true},"in2DMode":false,"pivot":{"x":-1.141753077507019,"y":0.32727447152137759,"z":0.5744543671607971},"rotation":{"x":0.21092288196086884,"y":0.0834561213850975,"z":-0.018076900392770768,"w":0.9737678170204163},"size":2.0830488204956056,"orthographic":false}