{"cameraMode":{"drawMode":0,"name":"Shaded","section":"Shading Mode"},"sceneLighting":true,"audioPlay":false,"sceneViewState":{"showFog":true,"showMaterialUpdate":true,"showSkybox":true,"showFlares":true,"showImageEffects":true,"showParticleSystems":true},"in2DMode":false,"pivot":{"x":-2.622664213180542,"y":0.2632046639919281,"z":-5.7277679443359379},"rotation":{"x":-0.5020028352737427,"y":0.05675460025668144,"z":-0.03323347121477127,"w":-0.8625434637069702},"size":0.7525877356529236,"orthographic":false}