{"cameraMode":{"drawMode":0,"name":"Shaded","section":"Shading Mode"},"sceneLighting":true,"audioPlay":false,"sceneViewState":{"showFog":true,"showMaterialUpdate":true,"showSkybox":true,"showFlares":true,"showImageEffects":true,"showParticleSystems":true},"in2DMode":false,"pivot":{"x":6.0905914306640629,"y":-3.8001866340637209,"z":5.653656005859375},"rotation":{"x":0.16282016038894654,"y":0.4025646150112152,"z":-0.07300373166799545,"w":0.897833526134491},"size":5.596226215362549,"orthographic":false}